INJCJC   Index,,,NFP TCH  Index,,,CPI CHNG Index,,,NAPMPMI  Index,,,CONSSENT Index,,,RSTAMOM Index,,,FDTR     Index,,
ECO_RELEASE_DT,ACTUAL_RELEASE,BN_SURVEY_MEDIAN,ECO_RELEASE_DT,ACTUAL_RELEASE,BN_SURVEY_MEDIAN,ECO_RELEASE_DT,ACTUAL_RELEASE,BN_SURVEY_MEDIAN,ECO_RELEASE_DT,ACTUAL_RELEASE,BN_SURVEY_MEDIAN,ECO_RELEASE_DT,ACTUAL_RELEASE,BN_SURVEY_MEDIAN,ECO_RELEASE_DT,ACTUAL_RELEASE,BN_SURVEY_MEDIAN,ECO_RELEASE_DT,ACTUAL_RELEASE,BN_SURVEY_MEDIAN
20100107,434,440,20100205,-20,15,20100219,0.2,0.3,20100201,58.4,55.5,20100129,74.4,73,20100212,0.5,0.3,20100127,0.25,0.25
20100114,444,437,20100305,-36,-68,20100318,0,0.1,20100301,56.5,57.9,20100226,73.6,73.9,20100312,0.3,-0.2,20100316,0.25,0.25
20100121,482,440,20100402,162,184,20100414,0.1,0.1,20100401,59.6,57,20100326,73.6,73,20100414,1.6,1.2,20100428,0.25,0.25
20100128,470,450,20100507,290,190,20100519,-0.1,0.1,20100503,60.4,60,20100430,72.2,71,20100514,0.4,0.2,20100623,0.25,0.25
20100204,480,455,20100604,431,536,20100617,-0.2,-0.2,20100601,59.7,59,20100528,73.6,73.3,20100611,-1.2,0.2,20100810,0.25,0.25
20100211,440,465,20100702,-125,-130,20100716,-0.1,-0.1,20100701,56.2,59,20100625,76,75.5,20100714,-0.5,-0.3,20100921,0.25,0.25
20100218,473,437.5,20100806,-131,-65,20100813,0.3,0.2,20100802,55.5,54.5,20100730,67.8,67,20100813,0.4,0.5,20101103,0.25,0.25
20100225,496,460,20100903,-54,-105,20100917,0.3,0.3,20100901,56.3,52.8,20100827,68.9,69.6,20100914,0.4,0.3,20101214,0.25,0.25
20100304,469,470,20101008,-95,-5,20101015,0.1,0.2,20101001,54.4,54.5,20101001,68.2,67,20101015,0.6,0.4,20110126,0.25,0.25
20100311,462,460,20101105,151,60,20101117,0.2,0.3,20101101,56.9,54,20101029,67.7,68,20101115,1.2,0.7,20110315,0.25,0.25
20100318,457,455,20101203,39,150,20101215,0.1,0.2,20101201,56.6,56.5,20101124,71.6,69,20101214,0.8,0.6,20110427,0.25,0.25
20100325,442,450,20110107,103,150,20110114,0.5,0.4,20110103,57,57,20101223,74.5,74.5,20110114,0.6,0.8,20110622,0.25,0.25
20100401,439,440,20110204,36,146,20110217,0.4,0.3,20110201,60.8,58,20110128,74.2,73.3,20110215,0.3,0.5,20110809,0.25,0.25
20100408,460,435,20110304,192,196,20110317,0.5,0.4,20110301,61.4,61,20110225,77.5,75.5,20110311,1,1,20110921,0.25,0.25
20100415,484,440,20110401,216,190,20110415,0.5,0.5,20110401,61.2,61.1,20110325,67.5,68,20110413,0.4,0.5,20111102,0,0.25
20100422,456,450,20110506,244,185,20110513,0.4,0.4,20110502,60.4,59.5,20110429,69.8,70,20110512,0.5,0.6,20111213,0.25,0.25
20100429,448,445,20110603,54,165,20110615,0.2,0.1,20110601,53.5,57.1,20110527,74.3,72.4,20110614,-0.2,-0.5,20120125,0.25,0.25
20100506,444,440,20110708,18,105,20110715,-0.2,-0.1,20110701,55.3,52,20110701,71.5,72,20110714,0.1,-0.1,20120313,0.25,0.25
20100513,444,440,20110805,117,85,20110818,0.5,0.2,20110801,50.9,54.5,20110729,63.7,64,20110812,0.5,0.5,20120425,0.25,0.25
20100520,471,440,20110902,0,68,20110915,0.4,0.2,20110901,50.6,48.5,20110826,55.7,55.8,20110914,0,0.2,20120620,0.25,0.25
20100527,460,455,20111007,103,60,20111019,0.3,0.3,20111003,51.6,50.5,20110930,59.4,57.8,20111014,1.1,0.7,20120801,0.25,0.25
20100603,453,455,20111104,80,95,20111116,-0.1,0,20111101,50.8,52,20111028,60.9,58,20111115,0.5,0.3,20120913,0.25,0.25
20100610,456,450,20111202,120,125,20111216,0,0.1,20111201,52.7,51.8,20111123,64.1,64.5,20111213,0.2,0.6,20121024,0.25,0.25
20100617,472,450,20120106,200,155,20120119,0,0.1,20120103,53.9,53.5,20111222,69.9,68,20120112,0.1,0.3,20121212,0.25,0.25
20100624,457,462.5,20120203,243,140,20120217,0.2,0.3,20120201,54.1,54.5,20120127,75,74,20120214,0.4,0.8,20130130,0.25,0.25
20100701,472,455,20120309,227,210,20120316,0.4,0.4,20120301,52.4,54.5,20120224,75.3,73,20120313,1.1,1.1,20130320,0.25,0.25
20100708,454,460,20120406,120,205,20120413,0.3,0.3,20120402,53.4,53,20120330,76.2,74.5,20120416,0.8,0.3,20130501,0.25,0.25
20100715,429,445,20120504,115,160,20120515,0,0,20120501,54.8,53,20120427,76.4,75.7,20120515,0.1,0.1,20130619,0.25,0.25
20100722,464,450,20120601,69,150,20120614,-0.3,-0.2,20120601,53.5,53.8,20120525,79.3,77.8,20120613,-0.2,-0.2,20130731,0.25,0.25
20100729,457,460,20120706,80,100,20120717,0,0,20120702,49.7,52,20120629,73.2,74.1,20120716,-0.5,0.2,20130918,0.25,0.25
20100805,479,455,20120803,163,100,20120815,0,0.2,20120801,49.8,50.2,20120727,72.3,72,20120814,0.8,0.3,20131030,0.25,0.25
20100812,484,465,20120907,96,130,20120914,0.6,0.6,20120904,49.6,50,20120831,74.3,73.6,20120914,0.9,0.8,20131218,0.25,0.25
20100819,500,478,20121005,114,115,20121016,0.6,0.5,20121001,51.5,49.7,20120928,78.3,79,20121015,1.1,0.8,20140129,0.25,0.25
20100826,473,490,20121102,171,125,20121115,0.1,0.1,20121101,51.7,51,20121026,82.6,83,20121114,-0.3,-0.2,20140319,0.25,0.25
20100902,472,475,20121207,146,85,20121214,-0.3,-0.2,20121203,49.5,51.4,20121121,82.7,84.5,20121213,0.3,0.5,20140430,0.25,0.25
20100909,451,470,20130104,155,152,20130116,0,0,20130102,50.7,50.5,20121221,72.9,75,20130115,0.5,0.2,20140618,0.25,0.25
20100916,450,459,20130201,157,165,20130221,0,0.1,20130201,53.1,50.7,20130201,73.8,71.5,20130213,0.1,0.1,20140730,0.25,0.25
20100923,465,450,20130308,236,165,20130315,0.7,0.5,20130301,54.2,52.5,20130301,77.6,76.3,20130313,1.1,0.5,20140917,0.25,0.25
20100930,453,460,20130405,88,190,20130416,-0.2,0,20130401,51.3,54,20130329,78.6,72.6,20130412,-0.4,0,20141029,0.25,0.25
20101007,445,455,20130503,165,140,20130516,-0.4,-0.3,20130501,50.7,50.5,20130426,76.4,73.5,20130513,0.1,-0.3,20141217,0.25,0.25
20101014,462,445,20130607,175,163,20130618,0.1,0.2,20130603,49,51,20130531,84.5,83.7,20130613,0.6,0.4,20150128,0.25,0.25
20101021,452,455,20130705,195,166,20130716,0.5,0.3,20130701,50.9,50.5,20130628,84.1,83,20130715,0.4,0.8,20150318,0.25,0.25
20101028,434,450,20130802,162,185,20130815,0.2,0.2,20130801,55.4,52,20130726,85.1,84,20130813,0.2,0.3,20150429,0.25,0.25
20101104,457,442,20130906,169,180,20130917,0.1,0.2,20130903,55.7,54,20130830,82.1,80.5,20130913,0.2,0.5,20150617,0.25,0.25
20101110,435,450,20131022,148,180,20131030,0.2,0.2,20131001,56.2,55,20130927,77.5,78,20131029,-0.1,0,20150729,0.25,0.25
20101118,439,440.5,20131108,204,120,20131120,-0.1,0,20131101,56.4,55,20131025,73.2,75,20131120,0.4,0.1,20150917,0.25,0.25
20101124,407,435,20131206,203,185,20131217,0,0.1,20131202,57.3,55.1,20131127,75.1,73.1,20131212,0.7,0.6,20151028,0.25,0.25
20101202,436,424,20140110,74,197,20140116,0.3,0.3,20140102,57,56.8,20131223,82.5,83,20140114,0.2,0.1,20151216,0.25,0.5
20101209,421,425,20140207,113,180,20140220,0.1,0.1,20140203,51.3,56,20140131,81.2,81,20140213,-0.4,0,20160127,0.5,0.5
20101216,420,425,20140307,175,149,20140318,0.1,0.1,20140303,53.2,52.3,20140228,81.6,81.2,20140313,0.3,0.2,20160316,0.5,0.5
20101223,420,420,20140404,192,200,20140415,0.2,0.1,20140401,53.7,54,20140328,80,80.5,20140414,1.1,0.9,20160427,0.5,0.5
20101230,388,415,20140502,288,218,20140515,0.3,0.3,20140501,54.9,54.3,20140425,84.1,83,20140513,0.1,0.4,20160615,0.5,0.5
20110106,409,407.5,20140606,217,215,20140617,0.4,0.2,20140602,55.4,55.5,20140530,81.9,82.5,20140612,0.3,0.6,20160727,0.5,0.5
20110113,445,409.5,20140703,288,215,20140722,0.3,0.3,20140701,55.3,55.9,20140627,82.5,82,20140715,0.2,0.6,20160921,0.5,0.5
20110120,404,420,20140801,209,230,20140819,0.1,0.1,20140801,57.1,56,20140801,81.8,81.8,20140813,0,0.2,20161102,0.5,0.5
20110127,454,405,20140905,142,230,20140917,-0.2,0,20140902,59,57,20140829,82.5,80,20140912,0.6,0.6,20161214,0.5,0.75
20110203,415,420,20141003,248,215,20141022,0.1,0,20141001,56.6,58.5,20140926,84.6,84.8,20141015,-0.3,-0.1,20170201,0.75,0.75
20110210,383,410,20141107,214,235,20141120,0,-0.1,20141103,59,56.1,20141031,86.9,86.4,20141114,0.3,0.2,20170315,0.75,1
20110217,410,400,20141205,321,230,20141217,-0.3,-0.1,20141201,58.7,58,20141126,88.8,90,20141211,0.7,0.4,20170503,1,1
20110224,391,405,20150109,252,240,20150116,-0.4,-0.4,20150102,55.5,57.5,20141223,93.6,93.5,20150114,-0.9,-0.1,20170614,1,1.25
20110303,368,395,20150206,257,228,20150226,-0.7,-0.6,20150202,53.5,54.5,20150130,98.1,98.2,20150212,-0.8,-0.4,20170726,1.25,1.25
20110310,397,376,20150306,295,235,20150324,0.2,0.2,20150302,52.9,53,20150227,95.4,94,20150312,-0.6,0.3,20170920,1.25,1.25
20110317,385,387.5,20150403,126,245,20150417,0.2,0.3,20150401,51.5,52.5,20150327,93,92,20150414,0.9,1.1,20171101,1.25,1.25
20110324,382,383,20150508,223,228,20150522,0.1,0.1,20150501,51.5,52,20150501,95.9,96,20150513,0,0.2,20171213,1.25,1.5
20110331,388,380,20150605,280,226,20150618,0.4,0.5,20150601,52.8,52,20150529,90.7,89.5,20150611,1.2,1.2,20180131,1.5,1.5
20110407,382,385,20150702,223,233,20150717,0.3,0.3,20150701,53.5,53.2,20150626,96.1,94.6,20150714,-0.3,0.3,20180321,1.5,1.75
20110414,412,380,20150807,215,225,20150819,0.1,0.2,20150803,52.7,53.5,20150731,93.1,94,20150813,0.6,0.6,20180502,1.75,1.75
20110421,403,390,20150904,173,217,20150916,-0.1,-0.1,20150901,51.1,52.5,20150828,91.9,93,20150915,0.2,0.3,20180613,1.75,2
20110428,429,395,20151002,142,200,20151015,-0.2,-0.2,20151001,50.2,50.6,20150925,87.2,86.5,20151014,0.1,0.2,20180801,2,2
20110505,474,410,20151106,271,185,20151117,0.2,0.2,20151102,50.1,50,20151030,90,92.5,20151113,0.1,0.3,20180926,2,2.25
20110512,434,430,20151204,211,200,20151215,0,0,20151201,48.6,50.5,20151125,91.3,93.1,20151211,0.2,0.3,20181108,2.25,2.25
20110519,409,420,20160108,292,200,20160120,-0.1,0,20160104,48.2,49,20151223,92.6,92,20160115,-0.1,-0.1,20181219,2.25,2.5
20110526,424,404,20160205,151,190,20160219,0,-0.1,20160201,48.2,48.4,20160129,92,93,20160212,0.2,0.1,20190130,2.5,2.5
20110602,422,417,20160304,242,195,20160316,-0.2,-0.2,20160301,49.5,48.5,20160226,91.7,91,20160315,-0.1,-0.2,20190320,2.5,2.5
20110609,427,419,20160401,215,205,20160414,0.1,0.2,20160401,51.8,51,20160401,91,90.5,20160413,-0.3,0.1,20190501,2.5,2.5
20110616,414,420,20160506,160,200,20160517,0.4,0.3,20160502,50.8,51.4,20160429,89,90,20160513,1.3,0.8,20190619,2.5,2.5
20110623,429,415,20160603,38,160,20160616,0.2,0.3,20160601,51.3,50.3,20160527,94.7,95.4,20160614,0.5,0.3,20190731,2.5,2.25
20110630,428,420,20160708,287,180,20160715,0.2,0.3,20160701,53.2,51.3,20160624,93.5,94.1,20160715,0.6,0.1,20190918,2.25,2
20110707,418,420,20160805,255,180,20160816,0,0,20160801,52.6,53,20160729,90,90.2,20160812,0,0.4,20191030,2,1.75
20110714,405,415,20160902,151,180,20160916,0.2,0.1,20160901,49.4,52,20160826,89.8,90.8,20160915,-0.3,-0.1,20191211,1.75,1.75
20110721,418,410,20161007,156,172,20161018,0.3,0.3,20161003,51.5,50.4,20160930,91.2,90,20161014,0.6,0.6,20200129,1.75,1.75
20110728,398,415,20161104,161,173,20161117,0.4,0.4,20161101,51.9,51.7,20161028,87.2,88.2,20161115,0.8,0.6,20200303,1.75,1.5
20110804,400,405,20161202,178,180,20161215,0.2,0.2,20161201,53.2,52.5,20161123,93.8,91.6,20161214,0.1,0.3,20200429,1.25,0.25
20110811,395,405,20170106,156,175,20170118,0.3,0.3,20170103,54.7,53.8,20161223,98.2,98,20170113,0.6,0.7,20200610,0.25,0.25
20110818,408,400,20170203,227,180,20170215,0.6,0.3,20170201,56,55,20170127,98.5,98.1,20170215,0.4,0.1,20200729,0.25,0.25
20110825,417,405,20170310,235,200,20170315,0.1,0,20170301,57.7,56.2,20170224,96.3,96,20170315,0.1,0.1,20200916,0.25,0.25
20110901,409,410,20170407,98,180,20170414,-0.3,0,20170403,57.2,57.2,20170331,96.9,97.6,20170414,-0.2,-0.2,20201105,0.25,0.25
20110908,414,405,20170505,211,190,20170512,0.2,0.2,20170501,54.8,56.5,20170428,97,98,20170512,0.4,0.6,20201216,0.25,0.25
20110915,428,411,20170602,138,182,20170614,-0.1,0,20170601,54.9,54.8,20170526,97.1,97.5,20170614,-0.3,0,20210127,0.25,0.25
20110922,423,420,20170707,222,178,20170714,0,0.1,20170703,57.8,55.3,20170630,95.1,94.5,20170714,-0.2,0.1,20210317,0.25,0.25
20110929,391,420,20170804,209,180,20170811,0.1,0.2,20170801,56.3,56.5,20170728,93.4,93.2,20170815,0.6,0.3,20210428,0.25,0.25
20111006,401,410,20170901,156,180,20170914,0.4,0.3,20170901,58.8,56.5,20170901,96.8,97.5,20170915,-0.2,0.1,20210616,0.25,0.25
20111013,404,405,20171006,-33,80,20171013,0.5,0.6,20171002,60.8,58.1,20170929,95.1,95.3,20171013,1.6,1.7,20210728,0.25,0.25
20111020,403,400,20171103,261,313,20171115,0.1,0.1,20171101,58.7,59.5,20171027,100.7,100.7,20171115,0.2,0,20210922,0.25,0.25
20111027,402,401,20171208,228,195,20171213,0.4,0.4,20171201,58.2,58.3,20171122,98.5,98,20171214,0.8,0.3,20211103,0.25,0.25
20111103,397,400,20180105,148,190,20180112,0.1,0.1,20180103,59.7,58.2,20171222,95.9,97.2,20180112,0.4,0.5,20211215,0.25,0.25
20111110,390,400,20180202,200,180,20180214,0.5,0.3,20180201,59.1,58.6,20180202,95.7,95,20180214,-0.3,0.2,20220126,0.25,0.25
20111117,388,395,20180309,313,205,20180313,0.2,0.2,20180301,60.8,58.7,20180302,99.7,99.5,20180314,-0.1,0.3,20220316,0.25,0.5
20111123,393,390,20180406,103,185,20180411,-0.1,0,20180402,59.3,59.6,20180329,101.4,102,20180416,0.6,0.4,20220504,0.25,1
20111201,402,390,20180504,164,193,20180510,0.2,0.3,20180501,57.3,58.5,20180427,98.8,98,20180515,0.3,0.3,20220615,0.5,1.5
20111208,381,395,20180601,223,190,20180612,0.2,0.2,20180601,58.7,58.2,20180525,98,98.8,20180614,0.8,0.4,20220727,1,2.5
20111215,366,390,20180706,213,195,20180712,0.1,0.2,20180702,60.2,58.5,20180629,98.2,99,20180716,0.5,0.5,20220921,1.75,3.25
20111222,364,380,20180803,157,193,20180810,0.2,0.2,20180801,58.1,59.4,20180727,97.9,97.1,20180815,0.5,0.1,20221102,2.5,4
20111229,381,374.5,20180907,201,190,20180913,0.2,0.3,20180904,61.3,57.6,20180831,96.2,95.5,20180914,0.1,0.4,20221214,3.25,4.5
20120105,372,375,20181005,134,185,20181011,0.1,0.2,20181001,59.8,60,20180928,100.1,100.6,20181015,0.1,0.6,20230201,4,4.75
20120112,399,375,20181102,250,200,20181114,0.3,0.3,20181101,57.7,59,20181026,98.6,99,20181115,0.8,0.5,20230322,4.5,5
20120119,352,384,20181207,155,198,20181212,0,0,20181203,59.3,57.5,20181121,97.5,98.3,20181214,0.2,0.1,20230503,4.75,5.25
20120126,377,370,20190104,312,184,20190111,-0.1,-0.1,20190103,54.1,57.5,20181221,98.3,97.4,20190214,-1.2,0.1,20230614,5,5.25
20120202,367,370.5,20190201,304,165,20190213,0,0.1,20190201,56.6,54,20190201,91.2,90.7,20190311,0.2,0,20230726,5.25,5.5
20120209,358,370,20190308,20,180,20190312,0.2,0.2,20190301,54.2,55.8,20190301,93.8,95.9,20190401,-0.2,0.2,20230920,5.25,5.5
20120216,348,365,20190405,196,177,20190410,0.4,0.4,20190401,55.3,54.5,20190329,98.4,97.8,20190418,1.6,1,20231101,5.5,5.5
20120223,351,355,20190503,263,190,20190510,0.3,0.4,20190501,52.8,55,20190426,97.2,97,20190515,-0.2,0.2,20231213,5.5,5.5
20120301,351,355,20190607,75,175,20190612,0.1,0.1,20190603,52.1,53,20190531,100,101.5,20190614,0.5,0.6,20240131,5.5,5.5
20120308,362,352,20190705,224,160,20190711,0.1,0,20190701,51.7,51,20190628,98.2,97.9,20190716,0.4,0.2,20240320,5.5,5.5
20120315,351,356.5,20190802,164,165,20190813,0.3,0.3,20190801,51.2,52,20190802,98.4,98.5,20190815,0.7,0.3,,5.5,
20120322,348,350,20190906,130,160,20190912,0.1,0.1,20190903,49.1,51.3,20190830,89.8,92.4,20190913,0.4,0.2,,5.5,
20120329,359,350,20191004,136,145,20191010,0,0.1,20191001,47.8,50,20190927,93.2,92.1,20191016,-0.3,0.3,,,
20120405,357,355,20191101,128,85,20191113,0.4,0.3,20191101,48.3,48.9,20191025,95.5,96,20191115,0.3,0.2,,,
20120412,380,355,20191206,266,180,20191211,0.3,0.2,20191202,48.1,49.2,20191122,96.8,95.7,20191213,0.2,0.5,,,
20120419,386,370,20200110,145,160,20200114,0.2,0.3,20200103,47.2,49,20191220,99.3,99.2,20200116,0.3,0.3,,,
20120426,388,375,20200207,225,165,20200213,0.1,0.2,20200203,50.9,48.5,20200131,99.8,99.1,20200214,0.3,0.3,,,
20120503,365,379,20200306,273,175,20200311,0.1,0,20200302,50.1,50.5,20200228,101,100.7,20200317,-0.5,0.2,,,
20120510,367,368,20200403,-701,-100,20200410,-0.4,-0.3,20200401,49.1,44.5,20200327,89.1,90,20200415,-8.7,-8,,,
20120517,370,365,20200508,-20537,-22000,20200512,-0.8,-0.8,20200501,41.5,36,20200424,71.8,68,20200515,-16.4,-12,,,
20120524,370,370,20200605,2509,-7500,20200610,-0.1,0,20200601,43.1,43.8,20200529,72.3,74,20200616,17.7,8.4,,,
20120531,383,370,20200702,4800,3230,20200714,0.6,0.5,20200701,52.6,49.8,20200626,78.1,79.2,20200716,7.5,5,,,
20120607,377,378,20200807,1763,1480,20200812,0.6,0.3,20200803,54.2,53.6,20200731,72.5,72.9,20200814,1.2,2.1,,,
20120614,386,375,20200904,1371,1350,20200911,0.4,0.3,20200901,56,54.8,20200828,74.1,72.8,20200916,0.6,1,,,
20120621,387,383,20201002,661,859,20201013,0.2,0.2,20201001,55.4,56.5,20201002,80.4,79,20201016,1.9,0.8,,,
20120628,386,385,20201106,638,580,20201112,0,0.1,20201102,59.3,56,20201030,81.8,81.2,20201117,0.3,0.5,,,
20120705,374,385,20201204,245,460,20201210,0.2,0.1,20201201,57.5,58,20201125,76.9,77,20201216,-1.1,-0.3,,,
20120712,350,371.5,20210108,-140,50,20210113,0.4,0.4,20210105,60.7,56.8,20201223,80.7,81.1,20210115,-0.7,0,,,
20120719,386,365,20210205,49,105,20210210,0.3,0.3,20210201,58.7,60,20210129,79,79.4,20210217,5.3,1.1,,,
20120726,353,380,20210305,379,200,20210310,0.4,0.4,20210301,60.8,58.9,20210226,76.8,76.5,20210316,-3,-0.5,,,
20120802,365,370,20210402,916,660,20210413,0.6,0.5,20210401,64.7,61.5,20210326,84.9,83.6,20210415,9.8,5.8,,,
20120809,361,370,20210507,266,1000,20210512,0.8,0.2,20210503,60.7,65,20210430,88.3,87.5,20210514,0,1,,,
20120816,366,365,20210604,559,675,20210610,0.6,0.5,20210601,61.2,61,20210528,82.9,83,20210615,-1.3,-0.8,,,
20120823,372,365,20210702,850,720,20210713,0.9,0.5,20210701,60.6,60.9,20210625,85.5,86.5,20210716,0.6,-0.3,,,
20120830,374,370,20210806,943,870,20210811,0.5,0.5,20210802,59.5,61,20210730,81.2,80.8,20210817,-1.1,-0.3,,,
20120906,365,370,20210903,235,733,20210914,0.3,0.4,20210901,59.9,58.5,20210827,70.3,70.8,20210916,0.7,-0.7,,,
20120913,382,370,20211008,194,500,20211013,0.4,0.3,20211001,61.1,59.5,20211001,72.8,71,20211015,0.7,-0.2,,,
20120920,382,375,20211105,531,450,20211110,0.9,0.6,20211101,60.8,60.5,20211029,71.7,71.4,20211116,1.7,1.4,,,
20120927,359,375,20211203,210,550,20211210,0.8,0.7,20211201,61.1,61.2,20211124,67.4,66.9,20211215,0.3,0.8,,,
20121004,367,370,20220107,199,450,20220112,0.5,0.4,20220104,58.7,60,20211223,70.6,70.4,20220114,-1.9,-0.1,,,
20121011,339,370,20220204,467,125,20220210,0.6,0.4,20220201,57.6,57.5,20220128,67.2,68.8,20220216,3.8,2,,,
20121018,388,365,20220304,678,423,20220310,0.8,0.8,20220301,58.6,58,20220225,62.8,61.7,20220316,0.3,0.4,,,
20121025,369,370,20220401,431,490,20220412,1.2,1.2,20220401,57.1,59,20220325,59.4,59.7,20220414,0.5,0.6,,,
20121101,363,370,20220506,428,380,20220511,0.3,0.2,20220502,55.4,57.6,20220429,65.2,65.7,20220517,0.9,1,,,
20121108,355,365,20220603,390,318,20220610,1,0.7,20220601,56.1,54.5,20220527,58.4,59.1,20220615,-0.3,0.1,,,
20121115,439,375,20220708,372,265,20220713,1.3,1.1,20220701,53,54.5,20220624,50,50.2,20220715,1,0.9,,,
20121121,410,410,20220805,528,250,20220810,0,0.2,20220801,52.8,52,20220729,51.5,51.1,20220817,0,0.1,,,
20121129,393,390,20220902,315,298,20220913,0.1,-0.1,20220901,52.8,51.9,20220826,58.2,55.5,20220915,0.3,-0.1,,,
20121206,370,380,20221007,263,255,20221013,0.4,0.2,20221003,50.9,52,20220930,58.6,59.5,20221014,0,0.2,,,
20121213,343,369,20221104,261,193,20221110,0.4,0.6,20221101,50.2,50,20221028,59.9,59.6,20221116,1.3,1,,,
20121220,361,360,20221202,263,200,20221213,0.1,0.3,20221201,49,49.7,20221123,56.8,55,20221215,-0.6,-0.2,,,
20121227,350,360,20230106,223,205,20230112,-0.1,-0.1,20230104,48.4,48.5,20221223,59.7,59.1,20230118,-1.1,-0.9,,,
20130103,372,360,20230203,517,189,20230214,0.5,0.5,20230201,47.4,48,20230127,64.9,64.6,20230215,3,2,,,
20130110,371,365,20230310,311,225,20230314,0.4,0.4,20230301,47.7,48,20230224,67,66.4,20230315,-0.4,-0.4,,,
20130117,335,369,20230407,236,230,20230412,0.1,0.2,20230403,46.3,47.5,20230331,62,63.3,20230414,-1,-0.5,,,
20130124,330,355,20230505,253,185,20230510,0.4,0.4,20230501,47.1,46.8,20230428,63.5,63.5,20230516,0.4,0.8,,,
20130131,368,350,20230602,339,195,20230613,0.1,0.1,20230601,46.9,47,20230526,59.2,58,20230615,0.3,-0.2,,,
20130207,366,360,20230707,209,230,20230712,0.2,0.3,20230703,46,47.1,20230630,64.4,63.9,20230718,0.2,0.5,,,
20130214,341,360,20230804,187,200,20230810,0.2,0.2,20230801,46.4,46.9,20230728,71.6,72.6,20230815,0.7,0.4,,,
20130221,362,355,20230901,187,170,20230913,0.6,0.6,20230901,47.6,47,20230825,69.5,71.2,20230914,0.6,0.1,,,
20130228,344,360,20231006,336,170,20231012,0.4,0.3,20231002,49,47.9,20230929,68.1,67.7,20231017,0.7,0.3,,,
20130307,340,355,20231103,150,180,20231114,0,0.1,20231101,46.7,49,20231027,63.8,63,20231115,-0.1,-0.3,,,
20130314,332,350,20231208,199,185,20231212,0.1,0,20231201,46.7,47.8,20231122,61.3,61,20231214,0.3,-0.1,,,
20130321,336,340,20240105,216,175,20240111,0.3,0.2,20240103,47.4,47.1,20231222,69.7,69.4,20240117,0.6,0.4,,,
20130328,357,340,20240202,353,185,20240213,0.3,0.2,20240201,49.1,47.2,20240202,79,78.9,20240215,-0.8,-0.2,,,
20130404,385,353,20240308,275,200,20240312,0.4,0.4,20240301,47.8,49.5,20240301,76.9,79.6,20240314,0.6,0.8,,,
20130411,346,360,20240405,303,214,20240410,0.4,0.3,20240401,50.3,48.3,20240328,79.4,76.5,20240415,0.7,0.4,,,
20130418,352,350,,,,,,,,,,,,,,,,,,
20130425,339,350,,,,,,,,,,,,,,,,,,
20130502,324,345,,,,,,,,,,,,,,,,,,
20130509,323,335,,,,,,,,,,,,,,,,,,
20130516,360,330,,,,,,,,,,,,,,,,,,
20130523,340,345,,,,,,,,,,,,,,,,,,
20130530,354,340,,,,,,,,,,,,,,,,,,
20130606,346,345,,,,,,,,,,,,,,,,,,
20130613,334,346,,,,,,,,,,,,,,,,,,
20130620,354,340,,,,,,,,,,,,,,,,,,
20130627,346,345,,,,,,,,,,,,,,,,,,
20130703,343,345,,,,,,,,,,,,,,,,,,
20130711,360,340,,,,,,,,,,,,,,,,,,
20130718,334,345,,,,,,,,,,,,,,,,,,
20130725,343,340,,,,,,,,,,,,,,,,,,
20130801,326,345,,,,,,,,,,,,,,,,,,
20130808,333,335,,,,,,,,,,,,,,,,,,
20130815,320,335,,,,,,,,,,,,,,,,,,
20130822,336,330,,,,,,,,,,,,,,,,,,
20130829,331,331.8,,,,,,,,,,,,,,,,,,
20130905,323,330,,,,,,,,,,,,,,,,,,
20130912,292,330,,,,,,,,,,,,,,,,,,
20130919,309,330,,,,,,,,,,,,,,,,,,
20130926,305,325,,,,,,,,,,,,,,,,,,
20131003,308,315,,,,,,,,,,,,,,,,,,
20131010,374,311,,,,,,,,,,,,,,,,,,
20131017,358,335,,,,,,,,,,,,,,,,,,
20131024,350,340,,,,,,,,,,,,,,,,,,
20131031,340,338,,,,,,,,,,,,,,,,,,
20131107,336,335,,,,,,,,,,,,,,,,,,
20131114,339,330,,,,,,,,,,,,,,,,,,
20131121,323,335,,,,,,,,,,,,,,,,,,
20131127,316,330,,,,,,,,,,,,,,,,,,
20131205,298,320,,,,,,,,,,,,,,,,,,
20131212,368,320,,,,,,,,,,,,,,,,,,
20131219,379,335.5,,,,,,,,,,,,,,,,,,
20131226,338,345,,,,,,,,,,,,,,,,,,
20140102,339,343.5,,,,,,,,,,,,,,,,,,
20140109,330,335,,,,,,,,,,,,,,,,,,
20140116,326,328,,,,,,,,,,,,,,,,,,
20140123,326,330,,,,,,,,,,,,,,,,,,
20140130,348,330,,,,,,,,,,,,,,,,,,
20140206,331,335,,,,,,,,,,,,,,,,,,
20140213,339,330,,,,,,,,,,,,,,,,,,
20140220,336,335,,,,,,,,,,,,,,,,,,
20140227,348,335,,,,,,,,,,,,,,,,,,
20140306,323,336,,,,,,,,,,,,,,,,,,
20140313,315,330,,,,,,,,,,,,,,,,,,
20140320,320,322,,,,,,,,,,,,,,,,,,
20140327,311,323,,,,,,,,,,,,,,,,,,
20140403,326,318.5,,,,,,,,,,,,,,,,,,
20140410,300,320,,,,,,,,,,,,,,,,,,
20140417,304,315,,,,,,,,,,,,,,,,,,
20140424,329,315,,,,,,,,,,,,,,,,,,
20140501,344,320,,,,,,,,,,,,,,,,,,
20140508,319,325,,,,,,,,,,,,,,,,,,
20140515,297,320,,,,,,,,,,,,,,,,,,
20140522,326,310,,,,,,,,,,,,,,,,,,
20140529,300,318,,,,,,,,,,,,,,,,,,
20140605,312,310,,,,,,,,,,,,,,,,,,
20140612,317,310,,,,,,,,,,,,,,,,,,
20140619,312,313,,,,,,,,,,,,,,,,,,
20140626,312,310,,,,,,,,,,,,,,,,,,
20140703,315,312.5,,,,,,,,,,,,,,,,,,
20140710,304,315,,,,,,,,,,,,,,,,,,
20140717,302,310,,,,,,,,,,,,,,,,,,
20140724,284,306.5,,,,,,,,,,,,,,,,,,
20140731,302,300,,,,,,,,,,,,,,,,,,
20140807,289,304,,,,,,,,,,,,,,,,,,
20140814,311,295,,,,,,,,,,,,,,,,,,
20140821,298,303,,,,,,,,,,,,,,,,,,
20140828,298,300,,,,,,,,,,,,,,,,,,
20140904,302,300,,,,,,,,,,,,,,,,,,
20140911,315,300,,,,,,,,,,,,,,,,,,
20140918,280,305,,,,,,,,,,,,,,,,,,
20140925,293,296,,,,,,,,,,,,,,,,,,
20141002,287,297,,,,,,,,,,,,,,,,,,
20141009,287,295,,,,,,,,,,,,,,,,,,
20141016,264,290,,,,,,,,,,,,,,,,,,
20141023,283,280.5,,,,,,,,,,,,,,,,,,
20141030,287,285,,,,,,,,,,,,,,,,,,
20141106,278,285,,,,,,,,,,,,,,,,,,
20141113,290,280,,,,,,,,,,,,,,,,,,
20141120,291,284,,,,,,,,,,,,,,,,,,
20141126,313,288,,,,,,,,,,,,,,,,,,
20141204,297,295,,,,,,,,,,,,,,,,,,
20141211,294,297,,,,,,,,,,,,,,,,,,
20141218,289,295,,,,,,,,,,,,,,,,,,
20141224,280,290,,,,,,,,,,,,,,,,,,
20141231,298,290,,,,,,,,,,,,,,,,,,
20150108,294,290,,,,,,,,,,,,,,,,,,
20150115,316,290,,,,,,,,,,,,,,,,,,
20150122,307,300,,,,,,,,,,,,,,,,,,
20150129,265,300,,,,,,,,,,,,,,,,,,
20150205,278,290,,,,,,,,,,,,,,,,,,
20150212,304,286.5,,,,,,,,,,,,,,,,,,
20150219,283,290,,,,,,,,,,,,,,,,,,
20150226,313,290,,,,,,,,,,,,,,,,,,
20150305,320,295,,,,,,,,,,,,,,,,,,
20150312,289,305,,,,,,,,,,,,,,,,,,
20150319,291,293,,,,,,,,,,,,,,,,,,
20150326,282,290,,,,,,,,,,,,,,,,,,
20150402,268,286,,,,,,,,,,,,,,,,,,
20150409,281,283,,,,,,,,,,,,,,,,,,
20150416,294,280,,,,,,,,,,,,,,,,,,
20150423,295,287,,,,,,,,,,,,,,,,,,
20150430,262,290,,,,,,,,,,,,,,,,,,
20150507,265,278,,,,,,,,,,,,,,,,,,
20150514,264,273,,,,,,,,,,,,,,,,,,
20150521,274,270,,,,,,,,,,,,,,,,,,
20150528,282,270,,,,,,,,,,,,,,,,,,
20150604,276,278,,,,,,,,,,,,,,,,,,
20150611,279,275,,,,,,,,,,,,,,,,,,
20150618,267,277,,,,,,,,,,,,,,,,,,
20150625,271,273,,,,,,,,,,,,,,,,,,
20150702,281,270,,,,,,,,,,,,,,,,,,
20150709,297,275,,,,,,,,,,,,,,,,,,
20150716,281,285,,,,,,,,,,,,,,,,,,
20150723,255,278,,,,,,,,,,,,,,,,,,
20150730,267,270,,,,,,,,,,,,,,,,,,
20150806,270,272,,,,,,,,,,,,,,,,,,
20150813,274,270,,,,,,,,,,,,,,,,,,
20150820,277,271,,,,,,,,,,,,,,,,,,
20150827,271,274,,,,,,,,,,,,,,,,,,
20150903,282,275,,,,,,,,,,,,,,,,,,
20150910,275,275,,,,,,,,,,,,,,,,,,
20150917,264,275,,,,,,,,,,,,,,,,,,
20150924,267,272,,,,,,,,,,,,,,,,,,
20151001,277,270.5,,,,,,,,,,,,,,,,,,
20151008,263,274,,,,,,,,,,,,,,,,,,
20151015,255,270,,,,,,,,,,,,,,,,,,
20151022,259,265,,,,,,,,,,,,,,,,,,
20151029,260,265,,,,,,,,,,,,,,,,,,
20151105,276,262,,,,,,,,,,,,,,,,,,
20151112,276,270,,,,,,,,,,,,,,,,,,
20151119,271,270,,,,,,,,,,,,,,,,,,
20151125,260,270,,,,,,,,,,,,,,,,,,
20151203,269,269,,,,,,,,,,,,,,,,,,
20151210,282,270,,,,,,,,,,,,,,,,,,
20151217,271,275,,,,,,,,,,,,,,,,,,
20151224,267,270,,,,,,,,,,,,,,,,,,
20151231,287,270,,,,,,,,,,,,,,,,,,
20160107,277,275,,,,,,,,,,,,,,,,,,
20160114,284,275,,,,,,,,,,,,,,,,,,
20160121,293,278,,,,,,,,,,,,,,,,,,
20160128,278,281,,,,,,,,,,,,,,,,,,
20160204,285,278,,,,,,,,,,,,,,,,,,
20160211,269,280,,,,,,,,,,,,,,,,,,
20160218,262,275,,,,,,,,,,,,,,,,,,
20160225,272,270,,,,,,,,,,,,,,,,,,
20160303,278,270,,,,,,,,,,,,,,,,,,
20160310,259,275,,,,,,,,,,,,,,,,,,
20160317,265,268,,,,,,,,,,,,,,,,,,
20160324,265,268.5,,,,,,,,,,,,,,,,,,
20160331,276,265,,,,,,,,,,,,,,,,,,
20160407,267,270,,,,,,,,,,,,,,,,,,
20160414,253,270,,,,,,,,,,,,,,,,,,
20160421,247,265,,,,,,,,,,,,,,,,,,
20160428,257,259,,,,,,,,,,,,,,,,,,
20160505,274,260,,,,,,,,,,,,,,,,,,
20160512,294,270,,,,,,,,,,,,,,,,,,
20160519,278,275,,,,,,,,,,,,,,,,,,
20160526,268,275,,,,,,,,,,,,,,,,,,
20160602,267,270,,,,,,,,,,,,,,,,,,
20160609,264,270,,,,,,,,,,,,,,,,,,
20160616,277,270,,,,,,,,,,,,,,,,,,
20160623,259,270,,,,,,,,,,,,,,,,,,
20160630,268,267,,,,,,,,,,,,,,,,,,
20160707,254,268.6,,,,,,,,,,,,,,,,,,
20160714,254,265,,,,,,,,,,,,,,,,,,
20160721,253,265,,,,,,,,,,,,,,,,,,
20160728,266,261.5,,,,,,,,,,,,,,,,,,
20160804,269,265,,,,,,,,,,,,,,,,,,
20160811,266,265,,,,,,,,,,,,,,,,,,
20160818,262,265,,,,,,,,,,,,,,,,,,
20160825,261,265,,,,,,,,,,,,,,,,,,
20160901,263,265,,,,,,,,,,,,,,,,,,
20160908,259,265,,,,,,,,,,,,,,,,,,
20160915,260,265,,,,,,,,,,,,,,,,,,
20160922,252,261,,,,,,,,,,,,,,,,,,
20160929,254,260,,,,,,,,,,,,,,,,,,
20161006,249,256,,,,,,,,,,,,,,,,,,
20161013,246,253,,,,,,,,,,,,,,,,,,
20161020,260,250,,,,,,,,,,,,,,,,,,
20161027,258,256,,,,,,,,,,,,,,,,,,
20161103,265,256,,,,,,,,,,,,,,,,,,
20161110,254,260,,,,,,,,,,,,,,,,,,
20161117,235,257,,,,,,,,,,,,,,,,,,
20161123,251,250,,,,,,,,,,,,,,,,,,
20161201,268,253,,,,,,,,,,,,,,,,,,
20161208,258,255,,,,,,,,,,,,,,,,,,
20161215,254,255,,,,,,,,,,,,,,,,,,
20161222,275,257,,,,,,,,,,,,,,,,,,
20161229,265,264.5,,,,,,,,,,,,,,,,,,
20170105,235,260,,,,,,,,,,,,,,,,,,
20170112,247,255,,,,,,,,,,,,,,,,,,
20170119,234,252,,,,,,,,,,,,,,,,,,
20170126,259,247,,,,,,,,,,,,,,,,,,
20170202,246,250,,,,,,,,,,,,,,,,,,
20170209,234,249,,,,,,,,,,,,,,,,,,
20170216,239,245,,,,,,,,,,,,,,,,,,
20170223,244,240,,,,,,,,,,,,,,,,,,
20170302,223,245,,,,,,,,,,,,,,,,,,
20170309,243,238,,,,,,,,,,,,,,,,,,
20170316,241,240,,,,,,,,,,,,,,,,,,
20170323,261,240,,,,,,,,,,,,,,,,,,
20170330,258,247,,,,,,,,,,,,,,,,,,
20170406,234,250,,,,,,,,,,,,,,,,,,
20170413,234,245,,,,,,,,,,,,,,,,,,
20170420,244,240,,,,,,,,,,,,,,,,,,
20170427,257,245,,,,,,,,,,,,,,,,,,
20170504,238,248,,,,,,,,,,,,,,,,,,
20170511,236,245,,,,,,,,,,,,,,,,,,
20170518,232,240,,,,,,,,,,,,,,,,,,
20170525,234,238,,,,,,,,,,,,,,,,,,
20170601,248,238,,,,,,,,,,,,,,,,,,
20170608,245,240,,,,,,,,,,,,,,,,,,
20170615,237,241,,,,,,,,,,,,,,,,,,
20170622,241,240,,,,,,,,,,,,,,,,,,
20170629,244,240,,,,,,,,,,,,,,,,,,
20170706,248,243,,,,,,,,,,,,,,,,,,
20170713,247,245,,,,,,,,,,,,,,,,,,
20170720,233,245,,,,,,,,,,,,,,,,,,
20170727,244,240,,,,,,,,,,,,,,,,,,
20170803,240,243,,,,,,,,,,,,,,,,,,
20170810,244,240,,,,,,,,,,,,,,,,,,
20170817,232,240,,,,,,,,,,,,,,,,,,
20170824,234,238,,,,,,,,,,,,,,,,,,
20170831,236,238,,,,,,,,,,,,,,,,,,
20170907,298,245,,,,,,,,,,,,,,,,,,
20170914,284,300,,,,,,,,,,,,,,,,,,
20170921,259,301.5,,,,,,,,,,,,,,,,,,
20170928,272,270,,,,,,,,,,,,,,,,,,
20171005,260,265,,,,,,,,,,,,,,,,,,
20171012,243,250,,,,,,,,,,,,,,,,,,
20171019,222,240,,,,,,,,,,,,,,,,,,
20171026,233,235,,,,,,,,,,,,,,,,,,
20171102,229,235,,,,,,,,,,,,,,,,,,
20171109,239,232,,,,,,,,,,,,,,,,,,
20171116,249,235,,,,,,,,,,,,,,,,,,
20171122,239,240,,,,,,,,,,,,,,,,,,
20171130,238,240,,,,,,,,,,,,,,,,,,
20171207,236,240,,,,,,,,,,,,,,,,,,
20171214,225,236,,,,,,,,,,,,,,,,,,
20171221,245,233,,,,,,,,,,,,,,,,,,
20171228,245,240,,,,,,,,,,,,,,,,,,
20180104,250,240,,,,,,,,,,,,,,,,,,
20180111,261,245,,,,,,,,,,,,,,,,,,
20180118,220,249,,,,,,,,,,,,,,,,,,
20180125,233,235,,,,,,,,,,,,,,,,,,
20180201,230,235,,,,,,,,,,,,,,,,,,
20180208,221,232,,,,,,,,,,,,,,,,,,
20180215,230,228,,,,,,,,,,,,,,,,,,
20180222,222,230,,,,,,,,,,,,,,,,,,
20180301,210,225,,,,,,,,,,,,,,,,,,
20180308,231,220,,,,,,,,,,,,,,,,,,
20180315,226,227.5,,,,,,,,,,,,,,,,,,
20180322,229,225,,,,,,,,,,,,,,,,,,
20180329,215,230,,,,,,,,,,,,,,,,,,
20180405,242,225,,,,,,,,,,,,,,,,,,
20180412,233,230,,,,,,,,,,,,,,,,,,
20180419,232,230,,,,,,,,,,,,,,,,,,
20180426,209,230,,,,,,,,,,,,,,,,,,
20180503,211,225,,,,,,,,,,,,,,,,,,
20180510,211,219,,,,,,,,,,,,,,,,,,
20180517,222,215,,,,,,,,,,,,,,,,,,
20180524,234,220,,,,,,,,,,,,,,,,,,
20180531,221,228,,,,,,,,,,,,,,,,,,
20180607,222,220.4,,,,,,,,,,,,,,,,,,
20180614,218,223,,,,,,,,,,,,,,,,,,
20180621,218,220,,,,,,,,,,,,,,,,,,
20180628,227,220,,,,,,,,,,,,,,,,,,
20180705,231,225,,,,,,,,,,,,,,,,,,
20180712,214,225,,,,,,,,,,,,,,,,,,
20180719,207,220,,,,,,,,,,,,,,,,,,
20180726,217,215,,,,,,,,,,,,,,,,,,
20180802,218,220,,,,,,,,,,,,,,,,,,
20180809,213,220,,,,,,,,,,,,,,,,,,
20180816,212,215,,,,,,,,,,,,,,,,,,
20180823,210,215,,,,,,,,,,,,,,,,,,
20180830,213,212,,,,,,,,,,,,,,,,,,
20180906,203,212.5,,,,,,,,,,,,,,,,,,
20180913,204,210,,,,,,,,,,,,,,,,,,
20180920,201,210,,,,,,,,,,,,,,,,,,
20180927,214,210,,,,,,,,,,,,,,,,,,
20181004,207,215,,,,,,,,,,,,,,,,,,
20181011,214,206.5,,,,,,,,,,,,,,,,,,
20181018,210,211,,,,,,,,,,,,,,,,,,
20181025,215,215,,,,,,,,,,,,,,,,,,
20181101,214,212,,,,,,,,,,,,,,,,,,
20181108,214,214,,,,,,,,,,,,,,,,,,
20181115,216,213,,,,,,,,,,,,,,,,,,
20181121,224,215,,,,,,,,,,,,,,,,,,
20181129,234,220,,,,,,,,,,,,,,,,,,
20181206,231,225,,,,,,,,,,,,,,,,,,
20181213,206,226.5,,,,,,,,,,,,,,,,,,
20181220,214,215,,,,,,,,,,,,,,,,,,
20181227,216,215.5,,,,,,,,,,,,,,,,,,
20190103,231,220,,,,,,,,,,,,,,,,,,
20190110,216,226,,,,,,,,,,,,,,,,,,
20190117,213,220,,,,,,,,,,,,,,,,,,
20190124,199,218,,,,,,,,,,,,,,,,,,
20190131,253,215,,,,,,,,,,,,,,,,,,
20190207,234,221,,,,,,,,,,,,,,,,,,
20190214,239,225,,,,,,,,,,,,,,,,,,
20190221,216,228.2,,,,,,,,,,,,,,,,,,
20190228,225,220,,,,,,,,,,,,,,,,,,
20190307,223,225,,,,,,,,,,,,,,,,,,
20190314,229,225,,,,,,,,,,,,,,,,,,
20190321,221,225,,,,,,,,,,,,,,,,,,
20190328,211,220,,,,,,,,,,,,,,,,,,
20190404,202,215,,,,,,,,,,,,,,,,,,
20190411,196,210,,,,,,,,,,,,,,,,,,
20190418,192,205,,,,,,,,,,,,,,,,,,
20190425,230,200,,,,,,,,,,,,,,,,,,
20190502,230,215,,,,,,,,,,,,,,,,,,
20190509,228,220,,,,,,,,,,,,,,,,,,
20190516,212,220,,,,,,,,,,,,,,,,,,
20190523,211,215,,,,,,,,,,,,,,,,,,
20190530,215,214,,,,,,,,,,,,,,,,,,
20190606,218,215,,,,,,,,,,,,,,,,,,
20190613,222,215,,,,,,,,,,,,,,,,,,
20190620,216,220,,,,,,,,,,,,,,,,,,
20190627,227,220,,,,,,,,,,,,,,,,,,
20190703,221,222.5,,,,,,,,,,,,,,,,,,
20190711,209,221,,,,,,,,,,,,,,,,,,
20190718,216,215.5,,,,,,,,,,,,,,,,,,
20190725,206,218,,,,,,,,,,,,,,,,,,
20190801,215,214,,,,,,,,,,,,,,,,,,
20190808,209,215,,,,,,,,,,,,,,,,,,
20190815,220,212,,,,,,,,,,,,,,,,,,
20190822,209,216,,,,,,,,,,,,,,,,,,
20190829,215,214,,,,,,,,,,,,,,,,,,
20190905,217,215,,,,,,,,,,,,,,,,,,
20190912,204,215,,,,,,,,,,,,,,,,,,
20190919,208,213,,,,,,,,,,,,,,,,,,
20190926,213,211.5,,,,,,,,,,,,,,,,,,
20191003,219,215,,,,,,,,,,,,,,,,,,
20191010,210,220,,,,,,,,,,,,,,,,,,
20191017,214,215,,,,,,,,,,,,,,,,,,
20191024,212,215,,,,,,,,,,,,,,,,,,
20191031,218,215,,,,,,,,,,,,,,,,,,
20191107,211,215,,,,,,,,,,,,,,,,,,
20191114,225,215,,,,,,,,,,,,,,,,,,
20191121,227,218,,,,,,,,,,,,,,,,,,
20191127,213,220.5,,,,,,,,,,,,,,,,,,
20191205,203,215,,,,,,,,,,,,,,,,,,
20191212,252,214,,,,,,,,,,,,,,,,,,
20191219,234,225,,,,,,,,,,,,,,,,,,
20191226,222,220,,,,,,,,,,,,,,,,,,
20200102,222,220,,,,,,,,,,,,,,,,,,
20200109,214,220,,,,,,,,,,,,,,,,,,
20200116,204,218,,,,,,,,,,,,,,,,,,
20200123,211,214,,,,,,,,,,,,,,,,,,
20200130,216,215,,,,,,,,,,,,,,,,,,
20200206,202,215,,,,,,,,,,,,,,,,,,
20200213,205,210,,,,,,,,,,,,,,,,,,
20200220,210,210,,,,,,,,,,,,,,,,,,
20200227,219,212,,,,,,,,,,,,,,,,,,
20200305,216,215,,,,,,,,,,,,,,,,,,
20200312,211,220,,,,,,,,,,,,,,,,,,
20200319,281,220,,,,,,,,,,,,,,,,,,
20200326,3283,1700,,,,,,,,,,,,,,,,,,
20200402,6648,3763,,,,,,,,,,,,,,,,,,
20200409,6606,5500,,,,,,,,,,,,,,,,,,
20200416,5245,5500,,,,,,,,,,,,,,,,,,
20200423,4427,4500,,,,,,,,,,,,,,,,,,
20200430,3839,3500,,,,,,,,,,,,,,,,,,
20200507,3169,3000,,,,,,,,,,,,,,,,,,
20200514,2981,2500,,,,,,,,,,,,,,,,,,
20200521,2438,2400,,,,,,,,,,,,,,,,,,
20200528,2123,2100,,,,,,,,,,,,,,,,,,
20200604,1877,1833,,,,,,,,,,,,,,,,,,
20200611,1542,1550,,,,,,,,,,,,,,,,,,
20200618,1508,1290,,,,,,,,,,,,,,,,,,
20200625,1480,1320,,,,,,,,,,,,,,,,,,
20200702,1427,1350,,,,,,,,,,,,,,,,,,
20200709,1314,1375,,,,,,,,,,,,,,,,,,
20200716,1300,1250,,,,,,,,,,,,,,,,,,
20200723,1416,1300,,,,,,,,,,,,,,,,,,
20200730,1434,1445,,,,,,,,,,,,,,,,,,
20200806,1186,1400,,,,,,,,,,,,,,,,,,
20200813,963,1100,,,,,,,,,,,,,,,,,,
20200820,1106,920,,,,,,,,,,,,,,,,,,
20200827,1006,1000,,,,,,,,,,,,,,,,,,
20200903,881,950,,,,,,,,,,,,,,,,,,
20200910,884,850,,,,,,,,,,,,,,,,,,
20200917,860,850,,,,,,,,,,,,,,,,,,
20200924,870,840,,,,,,,,,,,,,,,,,,
20201001,837,850,,,,,,,,,,,,,,,,,,
20201008,840,820,,,,,,,,,,,,,,,,,,
20201015,898,825,,,,,,,,,,,,,,,,,,
20201022,787,870,,,,,,,,,,,,,,,,,,
20201029,751,770,,,,,,,,,,,,,,,,,,
20201105,751,735,,,,,,,,,,,,,,,,,,
20201112,709,731,,,,,,,,,,,,,,,,,,
20201119,742,700,,,,,,,,,,,,,,,,,,
20201125,778,730,,,,,,,,,,,,,,,,,,
20201203,712,775,,,,,,,,,,,,,,,,,,
20201210,853,725,,,,,,,,,,,,,,,,,,
20201217,885,817.5,,,,,,,,,,,,,,,,,,
20201223,803,880,,,,,,,,,,,,,,,,,,
20201231,787,835,,,,,,,,,,,,,,,,,,
20210107,787,800,,,,,,,,,,,,,,,,,,
20210114,965,788.5,,,,,,,,,,,,,,,,,,
20210121,900,935,,,,,,,,,,,,,,,,,,
20210128,847,875,,,,,,,,,,,,,,,,,,
20210204,779,830,,,,,,,,,,,,,,,,,,
20210211,793,760,,,,,,,,,,,,,,,,,,
20210218,861,772.5,,,,,,,,,,,,,,,,,,
20210225,730,825,,,,,,,,,,,,,,,,,,
20210304,745,750,,,,,,,,,,,,,,,,,,
20210311,712,725,,,,,,,,,,,,,,,,,,
20210318,770,700,,,,,,,,,,,,,,,,,,
20210325,684,730,,,,,,,,,,,,,,,,,,
20210401,719,675,,,,,,,,,,,,,,,,,,
20210408,744,680,,,,,,,,,,,,,,,,,,
20210415,576,700,,,,,,,,,,,,,,,,,,
20210422,547,610,,,,,,,,,,,,,,,,,,
20210429,553,540,,,,,,,,,,,,,,,,,,
20210506,498,537.5,,,,,,,,,,,,,,,,,,
20210513,473,490,,,,,,,,,,,,,,,,,,
20210520,444,450,,,,,,,,,,,,,,,,,,
20210527,406,425,,,,,,,,,,,,,,,,,,
20210603,385,386.5,,,,,,,,,,,,,,,,,,
20210610,376,370,,,,,,,,,,,,,,,,,,
20210617,412,360,,,,,,,,,,,,,,,,,,
20210624,411,380,,,,,,,,,,,,,,,,,,
20210701,364,388,,,,,,,,,,,,,,,,,,
20210708,373,350,,,,,,,,,,,,,,,,,,
20210715,360,350,,,,,,,,,,,,,,,,,,
20210722,419,350,,,,,,,,,,,,,,,,,,
20210729,400,384.5,,,,,,,,,,,,,,,,,,
20210805,385,383,,,,,,,,,,,,,,,,,,
20210812,375,375,,,,,,,,,,,,,,,,,,
20210819,348,364,,,,,,,,,,,,,,,,,,
20210826,353,350,,,,,,,,,,,,,,,,,,
20210902,340,345,,,,,,,,,,,,,,,,,,
20210909,310,335,,,,,,,,,,,,,,,,,,
20210916,332,321.5,,,,,,,,,,,,,,,,,,
20210923,351,320,,,,,,,,,,,,,,,,,,
20210930,362,330,,,,,,,,,,,,,,,,,,
20211007,326,348,,,,,,,,,,,,,,,,,,
20211014,293,320,,,,,,,,,,,,,,,,,,
20211021,290,297,,,,,,,,,,,,,,,,,,
20211028,281,287.5,,,,,,,,,,,,,,,,,,
20211104,269,275,,,,,,,,,,,,,,,,,,
20211110,267,260,,,,,,,,,,,,,,,,,,
20211118,268,260,,,,,,,,,,,,,,,,,,
20211124,199,260,,,,,,,,,,,,,,,,,,
20211202,222,240,,,,,,,,,,,,,,,,,,
20211209,184,220,,,,,,,,,,,,,,,,,,
20211216,206,200,,,,,,,,,,,,,,,,,,
20211223,205,205,,,,,,,,,,,,,,,,,,
20211230,198,206,,,,,,,,,,,,,,,,,,
20220106,207,194.5,,,,,,,,,,,,,,,,,,
20220113,230,200,,,,,,,,,,,,,,,,,,
20220120,286,225,,,,,,,,,,,,,,,,,,
20220127,260,265,,,,,,,,,,,,,,,,,,
20220203,238,245,,,,,,,,,,,,,,,,,,
20220210,223,230,,,,,,,,,,,,,,,,,,
20220217,248,218,,,,,,,,,,,,,,,,,,
20220224,232,235,,,,,,,,,,,,,,,,,,
20220303,215,225,,,,,,,,,,,,,,,,,,
20220310,227,217,,,,,,,,,,,,,,,,,,
20220317,214,220,,,,,,,,,,,,,,,,,,
20220324,187,210,,,,,,,,,,,,,,,,,,
20220331,202,196,,,,,,,,,,,,,,,,,,
20220407,166,200,,,,,,,,,,,,,,,,,,
20220414,185,170,,,,,,,,,,,,,,,,,,
20220421,184,180,,,,,,,,,,,,,,,,,,
20220428,180,180,,,,,,,,,,,,,,,,,,
20220505,200,180,,,,,,,,,,,,,,,,,,
20220512,203,193,,,,,,,,,,,,,,,,,,
20220519,218,200,,,,,,,,,,,,,,,,,,
20220526,210,215,,,,,,,,,,,,,,,,,,
20220602,200,210,,,,,,,,,,,,,,,,,,
20220609,229,206,,,,,,,,,,,,,,,,,,
20220616,229,216.5,,,,,,,,,,,,,,,,,,
20220623,229,226,,,,,,,,,,,,,,,,,,
20220630,231,229.5,,,,,,,,,,,,,,,,,,
20220707,235,230,,,,,,,,,,,,,,,,,,
20220714,244,235,,,,,,,,,,,,,,,,,,
20220721,251,240,,,,,,,,,,,,,,,,,,
20220728,256,250,,,,,,,,,,,,,,,,,,
20220804,260,260,,,,,,,,,,,,,,,,,,
20220811,262,264.5,,,,,,,,,,,,,,,,,,
20220818,250,263.5,,,,,,,,,,,,,,,,,,
20220825,243,252,,,,,,,,,,,,,,,,,,
20220901,232,247.5,,,,,,,,,,,,,,,,,,
20220908,222,235,,,,,,,,,,,,,,,,,,
20220915,213,227,,,,,,,,,,,,,,,,,,
20220922,213,217,,,,,,,,,,,,,,,,,,
20220929,193,215,,,,,,,,,,,,,,,,,,
20221006,219,204,,,,,,,,,,,,,,,,,,
20221013,228,225,,,,,,,,,,,,,,,,,,
20221020,214,233,,,,,,,,,,,,,,,,,,
20221027,217,220,,,,,,,,,,,,,,,,,,
20221103,217,220,,,,,,,,,,,,,,,,,,
20221110,225,220,,,,,,,,,,,,,,,,,,
20221117,222,228,,,,,,,,,,,,,,,,,,
20221123,240,225,,,,,,,,,,,,,,,,,,
20221201,225,235,,,,,,,,,,,,,,,,,,
20221208,230,230,,,,,,,,,,,,,,,,,,
20221215,211,232,,,,,,,,,,,,,,,,,,
20221222,216,222,,,,,,,,,,,,,,,,,,
20221229,225,225,,,,,,,,,,,,,,,,,,
20230105,204,225,,,,,,,,,,,,,,,,,,
20230112,205,215,,,,,,,,,,,,,,,,,,
20230119,190,213.5,,,,,,,,,,,,,,,,,,
20230126,186,205,,,,,,,,,,,,,,,,,,
20230202,183,195,,,,,,,,,,,,,,,,,,
20230209,196,190,,,,,,,,,,,,,,,,,,
20230216,194,200,,,,,,,,,,,,,,,,,,
20230223,192,200,,,,,,,,,,,,,,,,,,
20230302,190,195,,,,,,,,,,,,,,,,,,
20230309,211,195,,,,,,,,,,,,,,,,,,
20230316,192,205,,,,,,,,,,,,,,,,,,
20230323,191,197,,,,,,,,,,,,,,,,,,
20230330,198,196,,,,,,,,,,,,,,,,,,
20230406,228,200,,,,,,,,,,,,,,,,,,
20230413,239,235,,,,,,,,,,,,,,,,,,
20230420,245,240,,,,,,,,,,,,,,,,,,
20230427,230,248,,,,,,,,,,,,,,,,,,
20230504,242,240,,,,,,,,,,,,,,,,,,
20230511,264,245,,,,,,,,,,,,,,,,,,
20230518,242,251.5,,,,,,,,,,,,,,,,,,
20230525,229,245,,,,,,,,,,,,,,,,,,
20230601,232,234.5,,,,,,,,,,,,,,,,,,
20230608,261,235,,,,,,,,,,,,,,,,,,
20230615,262,245,,,,,,,,,,,,,,,,,,
20230622,264,259,,,,,,,,,,,,,,,,,,
20230629,239,265,,,,,,,,,,,,,,,,,,
20230706,248,245,,,,,,,,,,,,,,,,,,
20230713,237,250,,,,,,,,,,,,,,,,,,
20230720,228,240,,,,,,,,,,,,,,,,,,
20230727,221,235,,,,,,,,,,,,,,,,,,
20230803,227,225,,,,,,,,,,,,,,,,,,
20230810,248,230,,,,,,,,,,,,,,,,,,
20230817,239,240,,,,,,,,,,,,,,,,,,
20230824,230,240,,,,,,,,,,,,,,,,,,
20230831,228,235,,,,,,,,,,,,,,,,,,
20230907,216,233,,,,,,,,,,,,,,,,,,
20230914,220,225,,,,,,,,,,,,,,,,,,
20230921,201,225,,,,,,,,,,,,,,,,,,
20230928,204,214.5,,,,,,,,,,,,,,,,,,
20231005,207,210,,,,,,,,,,,,,,,,,,
20231012,209,210,,,,,,,,,,,,,,,,,,
20231019,198,210,,,,,,,,,,,,,,,,,,
20231026,210,207,,,,,,,,,,,,,,,,,,
20231102,217,210,,,,,,,,,,,,,,,,,,
20231109,217,218,,,,,,,,,,,,,,,,,,
20231116,231,220,,,,,,,,,,,,,,,,,,
20231122,209,227,,,,,,,,,,,,,,,,,,
20231130,218,218,,,,,,,,,,,,,,,,,,
20231207,220,220,,,,,,,,,,,,,,,,,,
20231214,202,220,,,,,,,,,,,,,,,,,,
20231221,205,215,,,,,,,,,,,,,,,,,,
20231228,218,210,,,,,,,,,,,,,,,,,,
20240104,202,216,,,,,,,,,,,,,,,,,,
20240111,202,210,,,,,,,,,,,,,,,,,,
20240118,187,205,,,,,,,,,,,,,,,,,,
20240125,214,200,,,,,,,,,,,,,,,,,,
20240201,224,212,,,,,,,,,,,,,,,,,,
20240208,218,220,,,,,,,,,,,,,,,,,,
20240215,212,220,,,,,,,,,,,,,,,,,,
20240222,201,216,,,,,,,,,,,,,,,,,,
20240229,215,210,,,,,,,,,,,,,,,,,,
20240307,217,216,,,,,,,,,,,,,,,,,,
20240314,209,218,,,,,,,,,,,,,,,,,,
20240321,210,213,,,,,,,,,,,,,,,,,,
20240328,210,212,,,,,,,,,,,,,,,,,,
20240404,221,214,,,,,,,,,,,,,,,,,,
20240411,211,215,,,,,,,,,,,,,,,,,,
20240418,,215,,,,,,,,,,,,,,,,,,